n,m,time,score
16290,8493,2528.35199999809,8059
2211,2176,21.4930000305176,35
10756,3521,903.800999999046,7449
4421,3521,168.799000024796,900
3521,1270,135.585000038147,2279
6346,3521,517.144999980927,3300
3909,3521,107.271999955177,1318
5178,3521,303.151999950409,2316
7917,3521,811.353000044823,4742
