n,m,time,score
16290,8493,1184.71899998188,8059
2211,2176,46.1190000772476,35
10756,3521,345.340000033379,7449
4421,3521,137.996000051498,900
3521,1270,41.4909999370575,2279
6346,3521,209.53100001812,3300
3909,3521,129.366000056267,1318
5178,3521,171.964999914169,2316
7917,3521,261.016000032425,4742
